category,city,email,name,phones,products,site,social
Строительные материалы,Москва,,СтройПартнер,+7 (495) 215-00-80,,st-par.ru,"http://facebook.com/stparmoscow,http://instagram.com/stparmoscow,http://vk.com/stparmoscow"
Строительные материалы,Москва,,Петрович,+7 (499) 334-88-88,,moscow.petrovich.ru,"https://vk.com/petrovichstd,https://www.facebook.com/petrovichstd,https://www.instagram.com/petrovichstd,https://www.youtube.com/user/petrovichstd"
Строительные материалы,Москва,,Стройка,+7 (499) 755-83-90,,,"https://viber.click/79256391259,https://wa.me/79256391259,https://www.instagram.com/stroyka2018msk"
Строительные материалы,Москва,,ОБИ,+7 (495) 777-75-75,,www.obi.ru,"http://vk.com/obiru,https://www.facebook.com/obirussia,https://www.instagram.com/obi.russia/,https://www.youtube.com/channel/UCW9EvxjrRSCKC6AE3Lt_uMA"
Строительные материалы,Москва,,"Дизайн ремонта, строительный супермаркет",8 (800) 301-51-51,,kraska.ru,"https://instagram.com/design_remonta,https://vk.com/design_remonta,https://www.facebook.com/design.remonta"
Строительные материалы,Москва,,Строймаркет Сатурн,8 (800) 100-21-12,,msk.saturn.net,"https://ok.ru/saturnstro,https://www.facebook.com/saturnstroymarket"
Строительные материалы,Москва,,Петрович,+7 (499) 334-88-88,,moscow.petrovich.ru,"https://vk.com/petrovichstd,https://www.facebook.com/petrovichstd,https://www.instagram.com/petrovichstd,https://www.youtube.com/user/petrovichstd"
Торгово-производственная компания,Москва,,Производственное предприятие,,,,
Торгово-производственная компания,Москва,,"Пласт-Продукт, торгово-производственная компания",8 (800) 555-17-56,,plast-product.ru,"https://twitter.com/plastproduct,https://vk.com/plastproduct,https://www.facebook.com/plastproduct,https://www.youtube.com/user/PLASTPRODUCT/"
Торгово-производственная компания,Москва,,"Производственно-торговая компания Экзотика, офис",+7 (495) 390-67-88,,melnikov-tex.ru,"https://viber.click/79687772772,https://vk.com/melnikovtex,https://wa.me/79687772772,https://www.facebook.com/Mikhail,https://www.instagram.com/melnikovtex"
Строительные материалы,Москва,,Вира-Стройматериалы,+7 (495) 730-01-98,,www.virashop.ru,"https://twitter.com/@shopviraru,https://vk.com/virashopru,https://www.facebook.com/shopvira.ru,https://www.youtube.com/c/ShopviraRu"
Торгово-производственная компания,Москва,,Торгово-производственная компания Феникс Ам,+7 (495) 673-70-66,,fenixrezaki.ru,
Торгово-производственная компания,Москва,,"Торгово-производственная компания, склад",8 (800) 505-79-25,,free-nrg.ru,"http://facebook.com/groups/591714747672341,http://instagram.com/free_nrg.ru,https://twitter.com/@free_nrg,https://vk.com/free__nrg,https://www.youtube.com/channel/UCvLzLCFnZsqiC3nnx3ozuFA"
Торгово-производственная компания,Москва,,МосГорЦех,+7 (495) 260-12-80,,mosgorcex.ru,https://www.instagram.com/mosgorcex
Торгово-производственная компания,Москва,,Торговая Промышленная Компания,+7 (905) 116-77-15,,tpcompany.ru,"https://twitter.com/ZhKgulAfIn7SNB9,https://vk.com/public199116657"
Торгово-производственная компания,Москва,,Торгово-производственная компания Ютеко,+7 (925) 517-14-61,,www.uteco.ru,http://vk.com/utecomsk
Торгово-производственная компания,Москва,,Торгово-производственная компания Натурекс,,,www.naturex.com,https://twitter.com/naturexgroup
Строительная компания,Москва,,Фодд,+7 (495) 276-20-66,,www.fodd.ru,
Строительная компания,Москва,,Велесстрой,+7 (495) 276-06-83,,www.velesstroy.com,"https://ok.ru/velesstroycom,https://twitter.com/velesstroy,https://vk.com/public139639073,https://www.facebook.com/velesstroy,https://www.instagram.com/velesstroy_com,https://www.youtube.com/channel/UC6VaeYMTjiN2JjiXL4FZBAw"
Строительная компания,Москва,,Точка Решений,+7 (495) 127-79-90,,tochkaresheny.ru,
Строительная компания,Москва,,СК Небо,+7 (495) 172-46-03,"Евро ремонт,Капитальный ремонт,Косметический ремонт",sknebo.ru,https://www.instagram.com/sk.nebo/
Строительная компания,Москва,,Дон-Строй Инвест,+7 (495) 463-08-81,,donstroy.com,"http://facebook.com/pg/dsinv,http://youtube.com/channel/UC7w4mrhPBCjLOdNXvpM07VQ,https://vk.com/dsinv,https://www.instagram.com/donstroy_msk"
Строительная компания,Москва,,Boes Construction,+7 (495) 916-68-68,,www.boesconstruction.com,http://facebook.com/boes-construction-167405880475709
Строительная компания,Москва,,Стройка,+7 (499) 755-69-50,,stroikamsk.ru,https://www.instagram.com/stroyka2018msk
Строительная компания,Москва,,Строймаркет К1-Строй,+7 (499) 938-41-20,,k1-stroy.ru,"https://ok.ru/k1stroy,https://viber.click/89268453322,https://vk.com/k1stroy,https://wa.me/89268453322,https://www.facebook.com/k1stroy.ru/,https://www.instagram.com/k1stroy/"
Строительная компания,Москва,,Строймаркет К1-Строй,+7 (499) 938-41-20,,k1-stroy.ru,"https://ok.ru/k1stroy,https://viber.click/89268453322,https://vk.com/k1stroy,https://wa.me/89268453322,https://www.facebook.com/k1stroy.ru/,https://www.instagram.com/k1stroy/"
Строительная компания,Москва,,Строймаркет К1-Строй,+7 (499) 938-41-20,,k1-stroy.ru,"https://ok.ru/k1stroy,https://viber.click/89268453322,https://vk.com/k1stroy,https://wa.me/89268453322,https://www.facebook.com/k1stroy.ru/,https://www.instagram.com/k1stroy/"
Строительная компания,Москва,,Хонка,+7 (495) 921-30-01,,www.honka.ru,"https://vk.com/honka,https://www.facebook.com/205372702810686,https://www.instagram.com/honka_russia,https://www.youtube.com/channel/UCYCUU-j-GuBMe1VMgCM4a7Q"
Металлопрокат,Москва,,Бетон Смарт,+7 (495) 101-12-53,,beton-smart.ru,"https://viber.click/84951011253,https://wa.me/89257404698"
Металлопрокат,Москва,,"Ариэль Металл, офис",+7 (495) 981-41-45,,arielmetal.ru,
Металлопрокат,Москва,,А-металл,+7 (495) 120-35-87,,a-metall.com,https://www.instagram.com/a_metall_com/
Металлопрокат,Москва,,Рекара,+7 (495) 136-32-54,,moscow.rekara.info,
Металлопрокат,Москва,,Металл-Энергия,+7 (495) 120-09-10,,www.metall-energy.ru,"http://twitter.com/metallenergy,http://vk.com/metallenergy,https://www.facebook.com/metallenergy,https://www.instagram.com/metallenergy"
Металлопрокат,Москва,,ГК Прочная Сталь,+7 (499) 938-49-24,,metallurg-moskva.ru,"https://www.facebook.com/prochnayastal,https://www.instagram.com/prochnaya_stal"
Металлопрокат,Москва,,Металлсервис,+7 (495) 921-47-99,,mc.ru,"http://facebook.com/oaometallservice,http://instagram.com/metallservice,http://twitter.com/Oaometallservis,http://youtube.com/channel/UCLGBmQh7Qr8rCe03VDzzGLA,https://vk.com/blog_evgeniy_gorbatov"
Металлопрокат,Москва,,Металлсервис,8 (800) 555-11-55,,mc.ru,"http://twitter.com/Oaometallservis,http://youtube.com/channel/UCLGBmQh7Qr8rCe03VDzzGLA,https://www.facebook.com/oaometallservice,https://www.instagram.com/metallservice"
Металлопрокат,Москва,,Металлсервис,+7 (495) 925-11-55,,mc.ru,"http://youtube.com/channel/UCLGBmQh7Qr8rCe03VDzzGLA,https://twitter.com/Oaometallservis,https://www.facebook.com/oaometallservice,https://www.instagram.com/metallservice"
Строительная компания,Московская область,,Про-Дск,+7 (930) 103-77-07,,pro-dsk.ru,"https://ok.ru/profile/580276985289,https://twitter.com/prodsk_doma,https://viber.click/79201209699,https://vk.com/doma_prodsk,https://www.facebook.com/prodsk.dom,https://www.instagram.com/pro_dsk,https://www.youtube.com/channel/UCLMUNCfS4RANRo7wIVvRuUQ"
Строительная компания,Московская область,,Петрович,+7 (499) 334-88-88,,moscow.petrovich.ru,"https://vk.com/petrovichstd,https://www.facebook.com/petrovichstd,https://www.instagram.com/petrovichstd,https://www.youtube.com/user/petrovichstd"
Металлопрокат,Московская область,,Брок-Инвест-Сервис,+7 (495) 980-98-80,,www.brokinvest.ru,
Металлопрокат,Московская область,,Металлопрокат,+7 (916) 747-92-90,,forgemetall.ru,
Торгово-производственная компания,Москва,,ТПК СКМ,+7 (495) 128-98-94,,ckm-mtc.ru,
Металлопрокат,Московская область,,Торговый дом МС Групп,+7 (495) 212-19-06,,ms-gp.ru,
Металлопрокат,Московская область,,Робметаллсталь,+7 (495) 211-19-99,,robmetalstal.ru,"https://vk.com/club174600576,https://www.facebook.com/robmetallstal/,https://www.instagram.com/robmetallstal/"
Металлопрокат,Московская область,,Металлоторг,+7 (499) 938-67-20,,www.metallotorg.ru,
Металлопрокат,Московская область,,Металлобаза Солинг-Н Металлопрокат Сергиев Посад,+7 (495) 763-55-66,,soling-n.ru,"https://viber.click/74957635566,https://wa.me/79637635566,https://www.youtube.com/channel/UC3-xi1fe88D2mR1rbX1TvlQ?view_as=subscriber"
Цветной металл,Москва,,Металлолома,+7 (916) 887-04-05,"Латунь,Эл-тех,Свинец",,https://wa.me/89167951861
Чёрный металлопрокат,Москва,,Омега Металл,+7 (495) 334-14-01,,www.omegametall.ru,
Чёрный металлопрокат,Москва,,Прием цветного металла,+7 (925) 451-45-90,"Медь,Латунь,Аллюминий",www.mskmetall.com,"https://viber.click/79254514590,https://wa.me/79254514590"
Чёрный металлопрокат,Москва,,Стальной Выбор,8 (800) 555-20-36,,stvybor.ru,
Чёрный металлопрокат,Москва,,Русметпром,+7 (495) 132-00-92,,www.rusmetprom.ru,
Чёрный металлопрокат,Москва,,МетРенЦентр - металлопрокат,+7 (495) 796-69-82,,metallrc.ru,"https://viber.click/79267918110,https://vk.com/metallrc,https://www.facebook.com/groups/792125080953548/"
Чёрный металлопрокат,Москва,,Приём лома,+7 (925) 434-53-80,,prinimaemlom.ru,"https://vk.com/metalldot,https://wa.me/79254345380"
Чёрный металлопрокат,Москва,,Арсеналмет,+7 (495) 749-55-59,,reallom.ru,"https://t.me/+7,https://viber.click/79268389984,https://wa.me/79268389984"
Чёрный металлопрокат,Москва,,Элл Металл,+7 (495) 761-21-55,,ell-metall.ru,
Чёрный металлопрокат,Москва,,Приём цветных металлов,+7 (962) 956-84-83,,,"https://t.me/+79629568483,https://viber.click/79877373736,https://wa.me/79877373736"
Металлопрокат,Белгородская область,,Металлоторг,+7 (4722) 50-90-14,,www.metallotorg.ru,
Торгово-производственная компания,Московская область,,Производственно-торговая компания Арго,+7 (499) 753-33-40,,pk-argo.ru,"https://vk.com/pk.argo,https://wa.me/79031978167,https://www.facebook.com/companyArgo,https://www.instagram.com/argo_towel_rails/,https://www.youtube.com/channel/UCBMgb9wLl7PRfGce2FpZ1Yw"
Строительная компания,Московская область,,Химкинское СМУ Моис-1,+7 (495) 799-97-11,,www.mois1.ru,"http://vk.com/mois_1,https://instagram.com/mois1.ru,https://www.facebook.com/mois1.ru/"
Строительная компания,Московская область,,Олимпия,+7 (495) 796-11-97,,www.skmsk.ru,"https://vk.com/skmskru,https://www.facebook.com/skmsk.ru/,https://www.youtube.com/channel/UC-ZmtOIWlhBf6vqQ_ch4T9w"
Строительная компания,Московская область,,Гуд Вуд,8 (800) 333-11-11,,www.gwd.ru,"https://ok.ru/goodwood,https://t.me/RussiaBuild,https://vk.com/gwdru,https://wa.me/79661187966,https://www.facebook.com/gwd.ru/,https://www.instagram.com/gwd.ru/,https://www.youtube.com/channel/UC1O_yusBAYhY2TWRMKaMFkQ"
Строительная компания,Московская область,,Веста-СФ,+7 (495) 380-05-45,,www.vesta-sf.ru,
Строительная компания,Московская область,,Эндбери,8 (800) 775-97-99,,zabivniesvai.ru,"https://twitter.com/andberi_svai,https://vk.com/andberi,https://www.facebook.com/andberi.svai/,https://www.instagram.com/andberi"
Строительная компания,Московская область,,Конструкция,+7 (495) 921-19-17,,constr.ru,
Строительная компания,Московская область,,Асг Техно Строй,+7 (495) 225-96-46,,asg-ts.ru,
Строительная компания,Московская область,,Наш дом,+7 (495) 526-22-44,,nashdom41.ru,"http://facebook.com/nashdom41,https://ok.ru/group/53395641663730,https://vk.com/stroynashdom,https://www.instagram.com/nashdom41"
Строительная компания,Московская область,,Петрович,+7 (499) 334-88-88,,moscow.petrovich.ru,"https://vk.com/petrovichstd,https://www.facebook.com/petrovichstd,https://www.instagram.com/petrovichstd,https://www.youtube.com/user/petrovichstd"
Металлопрокат,Брянская область,,ФТБ Металлопрокат,+7 (4832) 31-61-61,,ftbmetal.ru,
Цветной металл,Москва,,Прием цветмета и металлолома,+7 (906) 720-60-91,,metrazbor.ru,
Цветной металл,Москва,,Катметалл,+7 (499) 348-14-18,,katmetall.ru,
Цветной металл,Москва,,СНК Металл,+7 (909) 903-12-14,"Медный кабель,Черный лом,Медь",snk-metall.ru,"https://t.me/+79099031214,https://viber.click/79099031214,https://wa.me/79099031214"
Цветной металл,Москва,,Прием лома цветных металлов,+7 (926) 267-13-39,,vk.link,https://vk.com/redllom
Цветной металл,Москва,,Приём металлолома,+7 (925) 307-45-69,,,https://www.instagram.com/lompriem2018/
Цветной металл,Москва,,Металлолом МСК,+7 (991) 310-33-22,"Металлолом цена от 1тн,Медь микс,Латунь микс",mskmetallolom.ru,
Цветной металл,Москва,,Приём металлолома,+7 (925) 304-85-29,,priemmet.2gis.biz,"https://t.me/79253048529,https://viber.click/79253048529,https://vk.com/club187577825,https://wa.me/79253048529"
Цветной металл,Москва,,Пункт приема цветного металла,+7 (916) 567-66-35,,price-lom.ru,"https://viber.click/79165676635,https://vk.com/pricelomru,https://wa.me/79165676635"
Строительные материалы,Белгородская область,,Технодрев,+7 (4722) 77-71-31,,texnodrev.ru,"https://vk.com/texnodrev,https://www.facebook.com/texnodrev/?ref=bookmarks,https://www.instagram.com/texnodrev/,https://www.youtube.com/channel/UCSydHOFp-Cof18kCXcmo99A/videos"
Строительные материалы,Белгородская область,,Стройка,+7 (4722) 40-00-91,,www.ooostroika.ru,"https://vk.com/ooostroika,https://www.instagram.com/stroika_belgorod"
Строительные материалы,Белгородская область,,ГиперСтрой,+7 (919) 434-07-77,,www.belbaza31.ru,"http://facebook.com/belbaza31.ru,http://instagram.com/giperstroy,http://vk.com/giperstroy,https://www.youtube.com/channel/UCq9VTCZ_aT5a9DjT6KUEDSg"
Торгово-производственная компания,Белгородская область,,Промышленый,,,,
Торгово-производственная компания,Белгородская область,,"Диспак, торгово-производственная компания",,,dispak.ru,"https://vk.com/dispak_russia,https://www.facebook.com/dispak.russia"
Торгово-производственная компания,Белгородская область,,Бел-Керамика,+7 (4722) 36-21-21,,bel-keram.ru,"https://ok.ru/group/55224908316779,https://vk.com/belkeram,https://www.facebook.com/Бел-керамика-306137273448878/,https://www.instagram.com/brick_keram/"
Торгово-производственная компания,Белгородская область,,Строитель,+7 (4722) 59-38-33,,stroitel31.ru,
Торгово-производственная компания,Белгородская область,,Яковлевский ГОК,+7 (47244) 6-80-47,,,
Торгово-производственная компания,Белгородская область,,Белмолпродукт,+7 (4722) 21-13-37,,bmol.ru,
Торгово-производственная компания,Белгородская область,,Торг-Комплект,+7 (910) 321-11-22,,torgkom.org,
Торгово-производственная компания,Белгородская область,,Белгородская торгово-промышленная палата,+7 (4722) 26-89-50,,belgorod.tpprf.ru,"http://vk.com/beltpp31,http://www.youtube.com/user/tpprfru,https://twitter.com/tpprf_ru,https://www.facebook.com/btpp31/,https://www.instagram.com/tpprf/"
Торгово-производственная компания,Белгородская область,,Фабрика Упаковки,+7 (4722) 21-94-96,,upakfabrika.ru,
Торгово-производственная компания,Белгородская область,,МПЗ Агро-Белогорье,+7 (4722) 58-66-10,,,
Торгово-производственная компания,Белгородская область,,Белгородский консервный комбинат,+7 (4722) 20-02-20,,www.belkk.ru,http://youtube.com/channel/UC039KhheIrc9AfZB6mCmplA
Строительная компания,Белгородская область,,СтройГрупп,+7 (4722) 52-24-41,,,"https://www.facebook.com/groups/ctroygrupp,https://www.youtube.com/user/CtroyTorg"
Строительная компания,Белгородская область,,Каркас31,+7 (4722) 36-42-06,,www.karkas31.com,
Строительная компания,Белгородская область,,ЭкоТехСтрой,+7 (4722) 37-33-90,,экотехстрой.рф,https://www.youtube.com/channel/UCujSf8M1PV8HG91U9Up57Ew
Строительная компания,Белгородская область,,Мадерна,+7 (991) 315-07-14,,bel-dom-stroy.ru,
Строительная компания,Белгородская область,,Палладио,8 (800) 250-13-24,,palladio31.ru,"https://vk.com/palladio31,https://www.facebook.com/pg/palladiobelgorod,https://www.instagram.com/palladio31,https://www.youtube.com/channel/UCEpykV2A1lMOZ7PENqN_CoA"
Строительная компания,Белгородская область,,Титан-Строй,+7 (4722) 20-05-00,,titanst.ru,"https://ok.ru/titanstroy,https://vk.com/titanst,https://www.instagram.com/titan_stroy31/,https://www.youtube.com/channel/UC-6pDy3dXqpgI8eJH2wxFrQ"
Строительная компания,Белгородская область,,Строй Опт,+7 (4722) 56-96-00,,stroiopt31.ru,https://vk.com/stroiopt31
Строительная компания,Белгородская область,,СтройДизайн,+7 (4722) 73-23-72,"Проект одноэтажного дома с террасой 00-84,Проект одноэтажного дома с мансардой и верандой 03-75,Проект одноэтажного дома с террасой 03-72",stroy-dizayn.ru,"https://ok.ru/stroydizay,https://vk.com/stroy_dizayn,https://www.facebook.com/groups/stroy.dizayn,https://www.instagram.com/stroy_dizayn/,https://www.youtube.com/channel/UClYlJXCNWlA0xqwOKZ1zF9w"
Строительная компания,Белгородская область,,Оникс,+7 (4722) 28-91-43,,www.skoniks.ru,
Строительная компания,Белгородская область,,Стройинжиниринг,+7 (4725) 47-34-88,,sdom31.ru,https://www.instagram.com/stroyengineering/
Строительная компания,Белгородская область,,ВсемирСтрой,+7 (960) 621-17-45,,vsemirstroy.ru,
Металлопрокат,Белгородская область,,Сталепромышленная компания,8 (800) 700-01-23,,belgorod.spk.ru,"http://facebook.com/spkgroup,http://ok.ru/aospk,http://vk.com/aospk"
Металлопрокат,Белгородская область,,Завод Бэмс,+7 (915) 566-69-33,,www.bems887.ru,https://www.facebook.com/bems887
Металлопрокат,Белгородская область,,Строительный магазин,,,,
Металлопрокат,Белгородская область,,Статус Строй,+7 (920) 204-59-10,,,
Металлопрокат,Белгородская область,,Ковторг,+7 (951) 769-73-30,,kovtorg.ru,"https://ok.ru/kovtorg,https://vk.com/kovtorg,https://wa.me/79517697330,https://www.instagram.com/kovtorg,https://www.youtube.com/channel/UClxszLviGSDLpkXjQYu6jQQ"
Металлопрокат,Белгородская область,,Строй с нами,+7 (919) 434-94-55,,stroy-31.ru,
Металлопрокат,Белгородская область,,Импульс,+7 (4722) 56-96-46,,impuls07.ru,
Металлопрокат,Белгородская область,,Металлоторг,+7 (4725) 46-95-40,,www.metallotorg.ru,
Металлопрокат,Белгородская область,,Корпорация Металлинвест,+7 (4725) 42-48-54,,metplus-osk.ru,
Цветной металл,Московская область,,Сагамет,+7 (925) 921-06-74,,,"https://t.me/+79260071648,https://viber.click/79260071648,https://wa.me/79260071648"
Цветной металл,Московская область,,Сплав,+7 (966) 666-39-87,,,https://instagram.com/metallolomnakhabino?igshid=tc1h02hr7z6u
Цветной металл,Московская область,,Прием Лома,+7 (966) 666-42-04,,,https://wa.me/79262413377
Цветной металл,Московская область,,Пункт приёма лома чёрного и цветного металлов,+7 (965) 153-24-66,"Медь (разносортная),Латунь,Лом чёрных металлов",,
Цветной металл,Московская область,,Пункт приёма черных и цветных металлов,+7 (915) 138-06-95,,,"https://viber.click/89151380695,https://vk.com/club186454427,https://wa.me/89151380695"
Чёрный металлопрокат,Московская область,,Металл база,+7 (903) 524-71-71,,baza-metall24.ru,
Чёрный металлопрокат,Московская область,,Металлобаза Пром-Металл,+7 (985) 557-02-97,,prmetall.ru,
Чёрный металлопрокат,Московская область,,Стальные решения,+7 (985) 604-44-71,,stalniereshenia.ru,
Чёрный металлопрокат,Московская область,,Металлопрокат-Гост,+7 (916) 720-28-16,,,
Чёрный металлопрокат,Московская область,,Металлобаза Onemetall,+7 (916) 017-80-71,,onemetall.ru,
Чёрный металлопрокат,Московская область,,Металлобаза,+7 (915) 348-82-48,,,
Чёрный металлопрокат,Московская область,,Весь Металл,+7 (968) 518-70-99,,,https://wa.me/79685187099
Чёрный металлопрокат,Московская область,,Русторг,+7 (495) 122-24-20,,zakupaemnelikvidi.ru,
Чёрный металлопрокат,Московская область,,Инокспоинт Групп,+7 (495) 369-33-80,,www.inoxpoint.ru,"http://instagram.com/inoxpoint_official,http://vk.com/inoxpoint,https://twitter.com/inoxpoint,https://www.facebook.com/inoxpoint,https://youtube.com/channel/UC0EsGX8ojOiNG6aLioV6yoA"
Чёрный металлопрокат,Московская область,,Прод-Металл,+7 (985) 114-26-98,,prod-metall.ru,
Чёрный металлопрокат,Московская область,,Металлстрой,+7 (495) 640-68-58 [object Object],,metalstroy-mk.ru,"https://www.facebook.com/metalstroymk,https://www.youtube.com/channel/UCiKTa1Dm9BhFLgF5lMUzWgw/about?view_as=subscriber"
Строительные материалы,Московская область,,Владимирский тракт,+7 (495) 744-17-22,,vltrakt.ru,"http://youtube.com/channel/UC_B-U_2wU57mYXClUoQs06w,https://facebook.com/vladimirskitrakt,https://twitter.com/vltrakt,https://vk.com/vltrakt,https://www.instagram.com/vltrakt_official"
Строительные материалы,Московская область,,Леруа Мерлен,8 (800) 700-00-99,,leroymerlin.ru,"https://ok.ru/leroymerlin,https://twitter.com/_LeroyMerlin,https://vk.com/leroy_merlin,https://www.facebook.com/LeroyMerlinRussia,https://www.instagram.com/leroymerlin_lubertsy/,https://www.youtube.com/user/LeroyMerlinRu"
Строительные материалы,Московская область,,Экономстрой,+7 (495) 565-41-65,,www.ekonomstroy.ru,"https://ok.ru/group/55134433509481,https://vk.com/ekonomstroy_mo,https://www.facebook.com/ekonomstroy,https://www.instagram.com/ekonomstroy.ru/"
Строительные материалы,Московская область,,Арт-строй,+7 (903) 546-95-53,,moskva.arttn.ru,"http://instagram.com/art_stroy,http://vk.com/arttn"
Строительные материалы,Московская область,,Карет-Строй 24,+7 (495) 018-67-67,,karet-stroy24.ru,"https://vk.com/karetstroy,https://wa.me/79996776760,https://www.instagram.com/karetstroy/"
Строительные материалы,Московская область,,Zv. Market,+7 (499) 642-36-92,,zv.market,"https://ok.ru/group/55484744335372,https://www.facebook.com/market.zv,https://www.instagram.com/zv.market,https://www.youtube.com/channel/UCaQpAChmUYTDXWWa8kaxH9A"
Строительные материалы,Московская область,,Петрович,+7 (499) 334-88-88,,moscow.petrovich.ru,"https://vk.com/petrovichstd,https://www.facebook.com/petrovichstd,https://www.instagram.com/petrovichstd,https://www.youtube.com/user/petrovichstd"
Торгово-производственная компания,Московская область,,Мытищинская торгово-промышленная палата,+7 (495) 510-31-34,,mytischi.tpprf.ru,"http://twitter.com/tpprf_ru,http://vk.com/tpprf,http://www.facebook.com/tpprf,http://www.youtube.com/user/tpprfru,https://www.instagram.com/tpprf/"
Торгово-производственная компания,Московская область,,ТПК Контакт,+7 (495) 728-80-99,,tpk-kontakt.ru,
Торгово-производственная компания,Московская область,,ПрофТорг,8 (800) 555-69-93,"Вешало ""Лофт"" для одежды одноярусное регулируемое с подиумом LT-0022,Вешало для одежды одноярусное из квадратного профиля СТ-001 S,Стойка вешалка (вешало) напольная для одежды Бэст-1303 /1503",pf-torg.ru,"http://instagram.com/pf_torg,https://ok.ru/group/51968029360346"
Торгово-производственная компания,Московская область,,Производственно-торговая фирма Бетон,+7 (985) 303-00-30,,ptf-beton.ru,
Торгово-производственная компания,Московская область,,ЛКМ Торг,8 (800) 550-40-51,,lkmtorg.ru,
Торгово-производственная компания,Московская область,,Славянская торгово-промышленная компания,+7 (495) 580-83-45,,www.slavtpk.ru,https://www.youtube.com/channel/UCK3sKwRcsW6pwKm-dvLA4mA?view_as=subscriber
Торгово-производственная компания,Московская область,,Производственно-торговая компания ЗВТ,+7 (495) 212-20-11 [object Object],,www.tpzvt.ru,
Торгово-производственная компания,Московская область,,ТПК,+7 (495) 660-87-90,,,
Торгово-производственная компания,Московская область,,МеткомЦентр,+7 (499) 653-58-78,,metcomcenter.ru,https://www.facebook.com/metcomcenter
Торгово-производственная компания,Брянская область,,Брянские полуфабрикаты,+7 (4832) 55-55-57,,pfb32.ru,
Торгово-производственная компания,Брянская область,,БЗТпА,+7 (4832) 32-20-22,,bztpa.ru,
Торгово-производственная компания,Брянская область,,Транспортно-промышленная компания,+7 (4832) 32-03-21,,oootpk32.ru,
Строительная компания,Брянская область,,Спектр Брянск Строй,+7 (4832) 30-36-60,,,
Строительная компания,Брянская область,,Брянский завод крупнопанельного домостроения,+7 (4832) 58-19-32,,www.ukbzkpd.ru,
Строительная компания,Брянская область,,Управление капитального строительства Брянской области,,,www.dsbrobl.ru,"https://vk.com/public170331968,https://www.instagram.com/architecture_32/,https://www.ok.ru/group/55746307358742"
Строительная компания,Брянская область,,Монтаж-Строй Брянск,+7 (4832) 59-02-30,,oooms32.ru,http://vk.com/club80161795
Строительная компания,Брянская область,,Государственная строительная инспекция Брянской области,+7 (4832) 74-21-03,,www.gsi32.ru,
Строительная компания,Брянская область,,СК Панорама,+7 (919) 192-48-00,"Бетон, гранит и конструкции из них,Очистка кирпича (фасада),Очистка дерева",panorama-32.ru,
Строительная компания,Брянская область,,БрянскСтальКонструкция,+7 (920) 838-61-08,,bsklstk.ru,https://vk.com/bsklstk/
Строительная компания,Брянская область,,ГК Инстрой,+7 (4832) 26-08-32,,www.instroy-bryansk.ru,
Строительная компания,Брянская область,,БрянскГрадоСтроитель,+7 (4832) 52-61-60,,bgs32.ru,
Строительная компания,Брянская область,,Брянская строительная компания,+7 (4832) 33-38-03,,bsk-32.ru,"http://instagram.com/bkgsgarant32,http://vk.com/airportbsk32,https://ok.ru/group/55708131852315"
Металлопрокат,Брянская область,,Линия Металла,+7 (905) 177-00-67,,liniay-metalla.ru,http://vk.com/stalgroup
Металлопрокат,Брянская область,,Карат,+7 (953) 279-11-11,"Виниловый сайдинг ГК ""Карат""САЙДИНГ классика длина 3,85 0,89м2,Доборные элементы ГК ""Карат"" Ендова внутренняя 625 мм п/э 0,4,Металлочерепица ГК ""Карат"" Заглушка конька полукруглого полиэстер матовый 35 мкр. (Deep Mat) 0,45 мм",www.gkkarat.ru,"http://youtube.com/channel/UCHssJKUDNt4vyUrPT7iCJZg,https://ok.ru/group/58730079781104,https://vk.com/gk.karat,https://www.instagram.com/karat.gk"
Металлопрокат,Брянская область,,Комплектстрой,+7 (905) 176-55-33,,,
Металлопрокат,Брянская область,,ТриоСтрой,+7 (953) 295-85-38,,triometal.ru,https://vk.com/triometal
Металлопрокат,Брянская область,,Самоделкин,+7 (4832) 44-44-45,,gros-stroi.ru,"http://facebook.com/groups/180390255816847,http://vk.com/gros_stroi_bryansk"
Металлопрокат,Брянская область,,Металлопрокат,+7 (4832) 52-70-07,,,
Металлопрокат,Брянская область,,Металлобаза,+7 (4832) 56-57-10,,metallobaza32.ru,https://vk.com/club178587533
Металлопрокат,Брянская область,,Металлопрокат,+7 (930) 820-06-40,,metalloprokat32.ru,
Металлопрокат,Брянская область,,Металлобаза,+7 (4832) 57-16-84,,metallobaza32.ru,https://vk.com/public178587533
Металлопрокат,Брянская область,,Металлоторг,+7 (4832) 72-67-67,,www.metallotorg.ru,"http://vk.com/metallotorgbryansk,http://www.ok.ru/metallotorgbryansk,https://www.facebook.com/MetallotorgBryansk"
Цветной металл,Белгородская область,,ЛомовЪ,+7 (4722) 77-78-59,Черный лом от,belgorod.priem-metallolom.com,https://vk.com/public188773973
Цветной металл,Белгородская область,,БелТехМет,+7 (919) 221-38-44,,,
Цветной металл,Белгородская область,,БелТехМет,+7 (47244) 4-54-11,,,
Чёрный металлопрокат,Белгородская область,,Лом Инвест,+7 (4722) 77-79-31,Черный лом от,belgorod.lom-invest.ru,https://vk.com/priem_loma_v_belgorode
Чёрный металлопрокат,Белгородская область,,МеталлПромМаш,+7 (4722) 41-01-50,,www.mpm31.ru,
Чёрный металлопрокат,Белгородская область,,Белгородский абразивный завод,+7 (4722) 77-70-01,,www.belabraziv.ru,"http://facebook.com/oaobaz,https://vk.com/belabraziv,https://www.youtube.com/channel/UCw2_RsybA7LVdYAv64f5iUg"
Чёрный металлопрокат,Белгородская область,,Пункт приема лома цветных и черных металлов,,,,
Чёрный металлопрокат,Белгородская область,,ТНМК-Белгород,+7 (4722) 40-26-68,Труба медная 12х1 М2М,tnmk-belgorod.ru,
Чёрный металлопрокат,Белгородская область,,Стальстрой31,+7 (4722) 56-91-37,,,
Чёрный металлопрокат,Белгородская область,,Металлобаза,,,,
Чёрный металлопрокат,Белгородская область,,Стальдепо,+7 (4722) 37-30-88,,staldepo.ru,"https://viber.click/79107373088,https://vk.com/staldepo,https://wa.me/79107373088,https://www.instagram.com/rezka__31,https://youtube.com/channel/UCD1L_0zRd_G_VlOlZy1vYGw"
Чёрный металлопрокат,Белгородская область,,Металл 31,+7 (980) 374-04-23,,metal31.ru,
Строительные материалы,Белгородская область,,Великий двор,+7 (910) 226-71-72,,veldvor31.ru,https://vk.com/id464605341
Строительные материалы,Белгородская область,,Идеал Микс,+7 (910) 360-77-34,Грузовой эвакуатор,idealmix.ru,"http://ok.ru/group/57669776900142,https://www.instagram.com/ideal_mix31"
Строительные материалы,Белгородская область,,Строитель,+7 (47248) 3-14-19,,,
Строительные материалы,Белгородская область,,СтройМастер,8 (800) 600-55-45,,stroymaster.shop,
Строительные материалы,Белгородская область,,Радуга,+7 (910) 360-07-94,,,
Строительные материалы,Белгородская область,,Властелин,+7 (4722) 58-48-15,,vlastelin31.ru,
Металлопрокат,Владимирская область,,Металлобаза,+7 (4922) 36-11-00,,metallobasa1.ru,
Металлопрокат,Москва,,ТД Сортпрокат,+7 (499) 642-39-63,,sort-prokat.ru,https://wa.me/89854372719
Цветной металл,Московская область,,Прием лома,+7 (925) 741-50-51,,,https://wa.me/79257415051
Цветной металл,Московская область,,Цвет Мет,+7 (929) 653-96-39,"Медь от,Алюминий от,АКБ от",,https://wa.me/79296539639
Цветной металл,Московская область,,Московские вторичные ресурсы,+7 (926) 888-59-53,"Алюминий от,Латунь от,Нержавейка от",lompriem.ru,https://wa.me/79268885953
Цветной металл,Московская область,,Прием Чёрных и Цветных Металлов,+7 (905) 558-46-43,,,"https://viber.click/79055584643,https://vk.com/tsvetmet750,https://wa.me/79055584643"
Цветной металл,Московская область,,Цветметаллресурс,+7 (495) 777-02-30,,www.cvetmetres.ru,
Цветной металл,Московская область,,Юрал,+7 (495) 221-75-38,,www.okrasim.ru,http://facebook.com/okrasim.ru
Цветной металл,Брянская область,,АО Металл,8 (800) 555-59-82,,bryansk.metall-ural.ru,
Цветной металл,Брянская область,,Диорит,+7 (4832) 51-65-33,,,
Цветной металл,Брянская область,,Брянсквтормет,+7 (4832) 63-83-85,,radiolom-skupka.ru,
Цветной металл,Брянская область,,Вторметбрянск,+7 (950) 698-90-84,,vmb32.ru,
Цветной металл,Брянская область,,Приём металлолома,+7 (953) 270-80-32,,,
Цветной металл,Брянская область,,БрянскВторМеталл,+7 (4832) 33-23-93,,,
Цветной металл,Брянская область,,Пункт приема лома,,,,
Цветной металл,Воронежская область,,ПЗУ Давыдовка,+7 (919) 247-97-15,,vrnlom.ru,
Цветной металл,Ивановская область,,Вторцветмет,,,,
Цветной металл,Ивановская область,,Русский металл,+7 (961) 248-99-23,,www.rmet.ru,https://www.youtube.com/channel/UCdt5T2aJXbVcPj-tveeM8wA
Металлопрокат,Московская область,,Металлоторг,+7 (495) 727-22-27,,www.metallotorg.ru,
Цветной металл,Ивановская область,,Центромет-Иваново,+7 (4932) 35-27-42,,,
Цветной металл,Ивановская область,,Прием Цветного и Чёрного лома,+7 (920) 354-57-70,,,https://vk.com/id417653548
Цветной металл,Ивановская область,,Русский металл,+7 (4932) 59-06-90,,www.rusmet365.ru,https://www.youtube.com/channel/UCdt5T2aJXbVcPj-tveeM8wA
Цветной металл,Ивановская область,,Пункт приема цветного металла,+7 (901) 285-98-50,,,
Цветной металл,Ивановская область,,"Русский металл Ново-Талицы, 4б",,,www.rusmet365.ru,
Цветной металл,Ивановская область,,ИвЦветМет,+7 (960) 500-06-56,,cvetmet37.ru,"https://viber.click/79605000656,https://vk.com/cvetmet37,https://wa.me/79605000656"
Чёрный металлопрокат,Ивановская область,,Метизцветмет,+7 (4932) 38-30-13,,,
Чёрный металлопрокат,Ивановская область,,СК Настил: решетчатые настилы,+7 (4932) 92-92-02,,sknastil.ru,
Строительные материалы,Ивановская область,,Стройинвест,8 (800) 250-47-50,,stroyinvest-market.ru,"https://vk.com/stroyinvest_market,https://www.facebook.com/Stroyinvest-222740628337686/,https://www.instagram.com/stroyinvest_market/"
Строительные материалы,Ивановская область,,Мир кровли,+7 (920) 358-17-55,"Фасадная панель Т-Сайдинг Двухцветная покраска Гранит Марсель Саяны,Профнастил С8А Дачный PE RAL 5005 сигнальный синий,Профнастил С10A Дачный PE RAL 8017 шоколад",ivanovo.mirkrovly.org,https://vk.com/mir_krovly
Цветной металл,Воронежская область,,Мегапром,+7 (473) 229-92-25,,lommetala.ru,
Цветной металл,Воронежская область,,Металл-Стандарт,+7 (473) 211-20-12 [object Object],,mtst36.ru,https://www.youtube.com/channel/UC9N5FWaKTlO1UWr5LSPqMjg
Цветной металл,Воронежская область,,Фирма Вера,+7 (473) 220-78-88,,www.kampan.ru,"http://facebook.com/колокололитейный-завод-анисимова-anisimov-bell-foundry-220244644780743,https://www.instagram.com/kolokolavera/"
Цветной металл,Воронежская область,,"Воронеж ВЦМ, офис",+7 (473) 279-80-05,,vzmvrn.su,https://vk.com/public122917091
Цветной металл,Воронежская область,,Воронеж-Втормет,+7 (473) 233-23-47,,vrnlom.ru,
Цветной металл,Воронежская область,,Воронежвторсырье,+7 (920) 229-18-01,,voronezh.priem-metallolom.com,"http://vk.com/metall36,https://viber.click/79518738923,https://wa.me/79518738923,https://www.instagram.com/voronezhvtorsyre"
Цветной металл,Воронежская область,,Фортуна,+7 (952) 959-79-49,,fortmetvrn.clients.site,"http://vk.com/metallvoronezh,https://wa.me/79529597949"
Цветной металл,Воронежская область,,Вип Металл,+7 (951) 858-77-28,,voronezh.lom-invest.ru,"http://vk.com/vipmetall36,https://wa.me/79518587728"
Чёрный металлопрокат,Воронежская область,,МеталлМаркет,+7 (920) 444-44-25,,mmsportpark.ru,"https://facebook.com/gkmetallmarket,https://ok.ru/group/53987432923207,https://vk.com/mmsportpark,https://www.instagram.com/mmsportpark/"
Чёрный металлопрокат,Воронежская область,,Металлоптторг,+7 (473) 246-31-91,,www.metallopttorg.su,
Чёрный металлопрокат,Воронежская область,,Скупка катализаторов в Воронеже. Прием лома,+7 (473) 229-91-36,,www.lom36.ru,"https://twitter.com/lom36ru,https://viber.click/79202299136"
Чёрный металлопрокат,Воронежская область,,Агат,+7 (473) 259-10-00,,,
Чёрный металлопрокат,Воронежская область,,Воронеж-Втормет,+7 (473) 205-20-04,,vrnlom.ru,
Чёрный металлопрокат,Воронежская область,,Хетек Воронеж,+7 (473) 229-29-12,,xetek.ru,"https://vk.com/xetek,https://www.instagram.com/xetekmetallolomvoronezh/?igshid=kjcnu6rzi9o3"
Строительные материалы,Воронежская область,,Эколес,+7 (473) 239-18-29,,www.ekoles-vrn.ru,
Строительные материалы,Воронежская область,,СтройГвардия,+7 (473) 258-91-88,,setka-vrn.ru,
Строительные материалы,Воронежская область,,Лидер,+7 (473) 233-00-77,,lider-vrn.ru,"http://instagram.com/lider_vrn,http://vk.com/vrn_lider"
Строительные материалы,Воронежская область,,Молоток,,,,
Строительные материалы,Воронежская область,,Стройсфера,+7 (473) 258-20-01,,трикирпича.рф,
Строительные материалы,Воронежская область,,База Шифер,+7 (473) 221-40-40,,bazashifer.ru,
Строительные материалы,Воронежская область,,Новый Дом,+7 (473) 210-00-11,,www.n-dom.com,
Строительные материалы,Воронежская область,,Castorama,+7 (473) 269-74-36,,www.castorama.ru,"https://ok.ru/castorama,https://vk.com/castorama,https://www.facebook.com/CastoramaRussia,https://www.instagram.com/castoramarussia,https://www.youtube.com/CastoramaRussia"
Цветной металл, Калужская область,,Калужский завод по обработке цветных металлов,+7 (4842) 72-85-55,,www.bimetall.ru,
Цветной металл, Калужская область,,Прием цветного и черного металла,+7 (953) 335-35-21,,,"https://viber.click/79533353521,https://vk.com/id584035123,https://wa.me/79533353521"
Цветной металл, Калужская область,,Приём металла цветного и черного,+7 (902) 932-03-37,,,https://vk.com/id584338935
Цветной металл, Калужская область,,Прием Цветного и Чёрного лома,+7 (920) 351-82-62,,,https://vk.com/id417653548
Цветной металл, Калужская область,,Приём цветного и чёрного металла,+7 (902) 398-27-85,,,https://www.instagram.com/1967sergeii?r=nametag
Чёрный металлопрокат, Калужская область,,Ивтент-сервис,+7 (4932) 33-89-06,,iv-tent.ru,"https://vk.com/metallobaza37,https://www.instagram.com/metallbaza37"
